cost,raw_sum_km_s,departure_vinf_km_s,arrival_vinf_km_s,powered_flyby_dv_km_s,turn_excess_deg,min_turn_margin_deg,tof_total_days,epochs_et_s,tofs_days,leg_paths,event0_KERBIN_et_s,event1_JOOL_et_s,leg1_path,leg1_tof_days
7.189567640430449,7.121121370752147,4.4092519442204665,2.7118694265316803,0,0,,500.0,"727488081.851686,770688081.851686",500,0rev_cw1,727488081.8516864,770688081.8516864,0rev_cw1,500.0
7.231961718360884,7.158039747108317,4.402872207409154,2.7551675396991633,0,0,,540.0,"727488081.851686,774144081.851686",540,0rev_cw1,727488081.8516864,774144081.8516864,0rev_cw1,540.0
7.242632383804104,7.174186114125801,4.454979932893528,2.719206181232274,0,0,,500.0,"554688081.851686,597888081.851686",500,0rev_cw0,554688081.8516864,597888081.8516864,0rev_cw0,500.0
7.397541966926481,7.192203157891573,4.466965231444291,2.725237926447281,0,0,,1500.0,"822528081.851686,952128081.851686",1500,left_cw1,822528081.8516864,952128081.8516864,left_cw1,1500.0
7.412179578773834,7.201365068164662,4.454817382033873,2.746547686130789,0,0,,1540.0,"822528081.851686,955584081.851686",1540,left_cw0,822528081.8516864,955584081.8516864,left_cw0,1540.0
7.274213463618365,7.205767193940062,4.483823657717913,2.7219435362221494,0,0,,500.0,"191808081.851686,235008081.851686",500,0rev_cw1,191808081.8516864,235008081.8516864,0rev_cw1,500.0
7.439800953605526,7.228986442996354,4.46600296368561,2.762983479310744,0,0,,1540.0,"459648081.851686,592704081.851686",1540,left_cw1,459648081.8516864,592704081.8516865,left_cw1,1540.0
7.317570825298484,7.243648854045917,4.474176003146644,2.769472850899273,0,0,,540.0,"191808081.851686,238464081.851686",540,0rev_cw0,191808081.8516864,238464081.8516864,0rev_cw0,540.0
7.31255432492315,7.244108055244848,4.475500709235343,2.7686073460095044,0,0,,500.0,"364608081.851686,407808081.851686",500,0rev_cw1,364608081.8516864,407808081.8516864,0rev_cw1,500.0
7.453495944579175,7.248157135544267,4.553453888294783,2.6947032472494845,0,0,,1500.0,"649728081.851686,779328081.851686",1500,left_cw0,649728081.8516864,779328081.8516864,left_cw0,1500.0
7.610675297098155,7.2629682471323775,4.532353858297223,2.730614388835155,0,0,,2540.0,"917568081.851686,1137024081.85169",2540,left_cw0,917568081.8516864,1137024081.8516865,left_cw0,2540.0
7.626388584053284,7.267730130938979,4.410842007583206,2.8568881233557737,0,0,,2620.0,"727488081.851686,953856081.851686",2620,left_cw1,727488081.8516864,953856081.8516864,left_cw1,2620.0
7.344989149935417,7.276542880257114,4.563706610914672,2.7128362693424433,0,0,,500.0,"381888081.851686,425088081.851686",500,0rev_cw0,381888081.8516864,425088081.8516864,0rev_cw0,500.0
7.640251164651014,7.287068413110973,4.5241849618118035,2.7628834512991696,0,0,,2580.0,"554688081.851686,777600081.851686",2580,left_cw0,554688081.8516864,777600081.8516864,left_cw0,2580.0
7.4786112017032345,7.289699497391119,4.357271463200754,2.9324280341903646,0,0,,1380.0,"924480081.851686,1043712081.85169",1380,left_cw0,924480081.8516864,1043712081.8516864,left_cw0,1380.0
7.501478571333166,7.290664060723994,4.5797736803921705,2.7108903803318243,0,0,,1540.0,"649728081.851686,782784081.851686",1540,left_cw0,649728081.8516864,782784081.8516864,left_cw0,1540.0
7.648407437922414,7.295224686382372,4.460906323982003,2.83431836240037,0,0,,2580.0,"727488081.851686,950400081.851686",2580,left_cw1,727488081.8516864,950400081.8516864,left_cw1,2580.0
7.370303886885223,7.30185761720692,4.59961571082755,2.7022419063793706,0,0,,500.0,"19008081.8516864,62208081.8516864",500,0rev_cw0,19008081.851686403,62208081.8516864,0rev_cw0,500.0
7.37689731139672,7.302975340144153,4.459684229612107,2.843291110532045,0,0,,540.0,"900288081.851686,946944081.851686",540,0rev_cw0,900288081.8516864,946944081.8516864,0rev_cw0,540.0
7.387486342673342,7.308088669846511,4.466434164775399,2.841654505071112,0,0,,580.0,"727488081.851686,777600081.851686",580,0rev_cw1,727488081.8516864,777600081.8516864,0rev_cw1,580.0
7.520481007767284,7.315142198732376,4.577000680549739,2.7381415181826374,0,0,,1500.0,"459648081.851686,589248081.851686",1500,left_cw1,459648081.8516864,589248081.8516865,left_cw1,1500.0
7.398877637497376,7.3194799646705455,4.410862046403057,2.908617918267488,0,0,,580.0,"364608081.851686,414720081.851686",580,0rev_cw1,364608081.8516864,414720081.8516864,0rev_cw1,580.0
7.530627302310537,7.319812791701365,4.564702477266203,2.755110314435162,0,0,,1540.0,"286848081.851686,419904081.851686",1540,left_cw0,286848081.8516864,419904081.8516864,left_cw0,1540.0
7.673310217852995,7.325603167887218,4.628967064761793,2.6966361031254253,0,0,,2540.0,"744768081.851686,964224081.851686",2540,left_cw0,744768081.8516864,964224081.8516864,left_cw0,2540.0
7.5278404784320045,7.327977370971361,4.515349926944199,2.812627444027162,0,0,,1460.0,"822528081.851686,948672081.851686",1460,left_cw1,822528081.8516864,948672081.8516864,left_cw1,1460.0
7.681623544706033,7.33939219631452,4.523656821894273,2.8157353744202474,0,0,,2500.0,"917568081.851686,1133568081.85169",2500,right_cw0,917568081.8516864,1133568081.8516865,right_cw0,2500.0
7.544803771107704,7.339464962072796,4.623083517050348,2.716381445022449,0,0,,1500.0,"839808081.851686,969408081.851686",1500,left_cw0,839808081.8516864,969408081.8516864,left_cw0,1500.0
7.562587762687734,7.340821848930034,4.421596148224638,2.919225700705396,0,0,,1620.0,"96768081.8516864,236736081.851686",1620,left_cw1,96768081.8516864,236736081.85168642,left_cw1,1620.0
7.563198494627277,7.341432580869577,4.470644236816365,2.870788344053212,0,0,,1620.0,"459648081.851686,599616081.851686",1620,left_cw1,459648081.8516864,599616081.8516865,left_cw1,1620.0
7.411291665051371,7.342845395373068,4.563459694969422,2.7793857004036453,0,0,,500.0,"1728081.8516864,44928081.8516864",500,0rev_cw1,1728081.8516864013,44928081.8516864,0rev_cw1,500.0
7.539486714450259,7.34509930856388,4.369303387570048,2.975795920993831,0,0,,1420.0,"561600081.851686,684288081.851686",1420,left_cw0,561600081.8516864,684288081.8516864,left_cw0,1420.0
7.68903555248799,7.346804204096477,4.6026066067746205,2.744197597321856,0,0,,2500.0,"917568081.851686,1133568081.85169",2500,left_cw0,917568081.8516864,1133568081.8516865,left_cw0,2500.0
7.422768859350867,7.354322589672565,4.628870941630282,2.7254516480422826,0,0,,500.0,"917568081.851686,960768081.851686",500,0rev_cw0,917568081.8516864,960768081.8516864,0rev_cw0,500.0
7.570771410928218,7.354481198744782,4.482343103983394,2.872138094761388,0,0,,1580.0,"96768081.8516864,233280081.851686",1580,left_cw1,96768081.8516864,233280081.85168642,left_cw1,1580.0
7.720667867940007,7.356533713251437,4.416482921393663,2.940050791857774,0,0,,2660.0,"364608081.851686,594432081.851686",2660,left_cw1,364608081.8516864,594432081.8516865,left_cw1,2660.0
7.552205344188719,7.35781793830234,4.384402592813984,2.9734153454883554,0,0,,1420.0,"924480081.851686,1047168081.85169",1420,left_cw1,924480081.8516864,1047168081.8516864,left_cw1,1420.0
7.727562116407697,7.363427961719127,4.4708604768401985,2.892567484878929,0,0,,2660.0,"727488081.851686,957312081.851686",2660,left_cw1,727488081.8516864,957312081.8516864,left_cw1,2660.0
7.5885919964408135,7.366826082683113,4.4385470755402885,2.9282790071428244,0,0,,1620.0,"632448081.851686,772416081.851686",1620,left_cw0,632448081.8516864,772416081.8516864,left_cw0,1620.0
7.590577944396459,7.368812030638759,4.539392303029868,2.8294197276088906,0,0,,1620.0,"822528081.851686,962496081.851686",1620,left_cw1,822528081.8516864,962496081.8516864,left_cw1,1620.0
7.563297020413393,7.368909614527014,4.382615307612211,2.986294306914803,0,0,,1420.0,"388800081.851686,511488081.851686",1420,left_cw1,388800081.8516864,511488081.8516864,left_cw1,1420.0
7.447200178356793,7.373278207104226,4.620252153493888,2.753026053610339,0,0,,540.0,"19008081.8516864,65664081.8516864",540,0rev_cw0,19008081.851686403,65664081.8516864,0rev_cw0,540.0
7.723419851014077,7.3757128010483,4.635239722485659,2.740473078562641,0,0,,2540.0,"554688081.851686,774144081.851686",2540,left_cw0,554688081.8516864,774144081.8516864,left_cw0,2540.0
7.571594820982581,7.377207415096201,4.3879341371948195,2.9892732779013818,0,0,,1420.0,"25920081.8516864,148608081.851686",1420,left_cw0,25920081.851686403,148608081.85168642,left_cw0,1420.0
7.448042761244588,7.379596491566286,4.685787343239821,2.693809148326465,0,0,,500.0,"209088081.851686,252288081.851686",500,0rev_cw0,209088081.8516864,252288081.8516864,0rev_cw0,500.0
7.44865606041518,7.3802097907368776,4.662543541442248,2.7176662492946297,0,0,,500.0,"744768081.851686,787968081.851686",500,0rev_cw0,744768081.8516864,787968081.8516864,0rev_cw0,500.0
7.690014934489206,7.3806377955432785,4.4027883387919236,2.977849456751355,0,0,,2260.0,"136512081.851686,331776081.851686",2260,left_cw1,136512081.8516864,331776081.85168636,left_cw1,2260.0
7.575109768943698,7.386198064631583,4.431326346566968,2.9548717180646147,0,0,,1380.0,"388800081.851686,508032081.851686",1380,left_cw0,388800081.8516864,508032081.8516864,left_cw0,1380.0
7.593249687264015,7.387910878229107,4.584321059970063,2.8035898182590446,0,0,,1500.0,"632448081.851686,762048081.851686",1500,left_cw1,632448081.8516864,762048081.8516864,left_cw1,1500.0
7.467309913869032,7.387912241042201,4.441453877034361,2.9464583640078406,0,0,,580.0,"537408081.851686,587520081.851686",580,0rev_cw0,537408081.8516864,587520081.8516864,0rev_cw0,580.0
7.5880234131092585,7.388160305648615,4.39276430803453,2.995395997614085,0,0,,1460.0,"198720081.851686,324864081.851686",1460,left_cw0,198720081.8516864,324864081.85168636,left_cw0,1460.0
7.6017142928048145,7.390899782195643,4.685766166729206,2.7051336154664374,0,0,,1540.0,"114048081.851686,247104081.851686",1540,left_cw0,114048081.8516864,247104081.85168642,left_cw0,1540.0
7.752912296937411,7.394253843823106,4.434779134604927,2.9594747092181786,0,0,,2620.0,"900288081.851686,1126656081.85169",2620,left_cw0,900288081.8516864,1126656081.8516865,left_cw0,2620.0
7.605385961573997,7.40004715253909,4.662150515074879,2.73789663746421,0,0,,1500.0,"476928081.851686,606528081.851686",1500,left_cw0,476928081.8516864,606528081.8516865,left_cw0,1500.0
7.74975940494655,7.402052354980773,4.5763211054694874,2.825731249511285,0,0,,2540.0,"727488081.851686,946944081.851686",2540,left_cw1,727488081.8516864,946944081.8516864,left_cw1,2540.0
7.75627653313321,7.403093781593169,4.645665119241441,2.7574286623517286,0,0,,2580.0,"381888081.851686,604800081.851686",2580,left_cw0,381888081.8516864,604800081.8516865,left_cw0,2580.0
7.609150218117751,7.403811409082843,4.663836550468822,2.739974858614021,0,0,,1500.0,"286848081.851686,416448081.851686",1500,left_cw0,286848081.8516864,416448081.8516864,left_cw0,1500.0
7.591546615601754,7.4081106128639025,4.371297786784934,3.0368128260789677,0,0,,1340.0,"751680081.851686,867456081.851686",1340,left_cw0,751680081.8516864,867456081.8516864,left_cw0,1340.0
7.628982222154725,7.412692009971289,4.512521793622068,2.900170216349221,0,0,,1580.0,"632448081.851686,768960081.851686",1580,left_cw0,632448081.8516864,768960081.8516864,left_cw0,1580.0
7.626128261991683,7.415313751382511,4.679007241032652,2.7363065103498596,0,0,,1540.0,"476928081.851686,609984081.851686",1540,left_cw0,476928081.8516864,609984081.8516865,left_cw0,1540.0
7.494992689668091,7.4155950168412605,4.49429041424963,2.9213046025916305,0,0,,580.0,"900288081.851686,950400081.851686",580,0rev_cw0,900288081.8516864,950400081.8516864,0rev_cw0,580.0
7.6314231289098675,7.420608618300696,4.584831800074833,2.8357768182258627,0,0,,1540.0,"96768081.8516864,229824081.851686",1540,left_cw1,96768081.8516864,229824081.85168642,left_cw1,1540.0
7.784620740244191,7.425962287129885,4.5504749143395715,2.875487372790314,0,0,,2620.0,"191808081.851686,418176081.851686",2620,left_cw0,191808081.8516864,418176081.85168636,left_cw0,2620.0
7.785811638182093,7.432628886642052,4.594161039699385,2.838467846942667,0,0,,2580.0,"191808081.851686,414720081.851686",2580,left_cw0,191808081.8516864,414720081.85168636,left_cw0,2580.0
7.779281798755058,7.437050450363545,4.540040460282544,2.897009990081001,0,0,,2500.0,"554688081.851686,770688081.851686",2500,right_cw1,554688081.8516864,770688081.8516864,right_cw1,2500.0
7.7528203023750715,7.43796746185488,4.4925694809091015,2.9453979809457786,0,0,,2300.0,"309312081.851686,508032081.851686",2300,left_cw1,309312081.8516864,508032081.8516864,left_cw1,2300.0
7.753100421508711,7.43824758098852,4.449264321236015,2.9889832597525046,0,0,,2300.0,"136512081.851686,335232081.851686",2300,left_cw1,136512081.8516864,335232081.85168636,left_cw1,2300.0
7.665925614302834,7.43868399897087,4.463139893774462,2.975544105196407,0,0,,1660.0,"96768081.8516864,240192081.851686",1660,left_cw1,96768081.8516864,240192081.85168642,left_cw1,1660.0
7.6301535455677385,7.441241841255623,4.494803086981635,2.9464387542739874,0,0,,1380.0,"25920081.8516864,145152081.851686",1380,left_cw1,25920081.851686403,145152081.85168642,left_cw1,1380.0
7.6658352881223575,7.444069374364657,4.4356254674420486,3.0084439069226088,0,0,,1620.0,"269568081.851686,409536081.851686",1620,left_cw0,269568081.8516864,409536081.8516864,left_cw0,1620.0
7.648167805879282,7.448304698418639,4.483614019744731,2.9646906786739073,0,0,,1460.0,"371520081.851686,497664081.851686",1460,left_cw0,371520081.8516864,497664081.8516864,left_cw0,1460.0
7.6439103372015715,7.449522931315192,4.5168029221637065,2.932720009151485,0,0,,1420.0,"734400081.851686,857088081.851686",1420,left_cw0,734400081.8516864,857088081.8516864,left_cw0,1420.0
7.815286352307029,7.45115219761846,4.618610903289606,2.8325412943288537,0,0,,2660.0,"554688081.851686,784512081.851686",2660,left_cw1,554688081.8516864,784512081.8516864,left_cw1,2660.0
7.5329990516588605,7.45360137883203,4.660598296169609,2.793003082662421,0,0,,580.0,"917568081.851686,967680081.851686",580,0rev_cw1,917568081.8516864,967680081.8516864,0rev_cw1,580.0
7.533598879640955,7.454201206814124,4.509624546233435,2.94457666058069,0,0,,580.0,"1728081.8516864,51840081.8516864",580,0rev_cw0,1728081.8516864013,51840081.8516864,0rev_cw0,580.0
7.802337272791494,7.454630222825717,4.522221628685251,2.9324085941404663,0,0,,2540.0,"744768081.851686,964224081.851686",2540,right_cw0,744768081.8516864,964224081.8516864,right_cw0,2540.0
7.825004838245604,7.455394981982771,4.530601128603952,2.9247938533788185,0,0,,2700.0,"191808081.851686,425088081.851686",2700,left_cw1,191808081.8516864,425088081.85168636,left_cw1,2700.0
7.639155707384466,7.455719704646615,4.432093282904309,3.023626421742306,0,0,,1340.0,"388800081.851686,504576081.851686",1340,left_cw1,388800081.8516864,504576081.8516864,left_cw1,1340.0
7.655711186105263,7.455848078644619,4.372476860357431,3.083371218287188,0,0,,1460.0,"25920081.8516864,152064081.851686",1460,left_cw1,25920081.851686403,152064081.85168642,left_cw1,1460.0
7.804966943701306,7.457259893735529,4.745904379165274,2.7113555145702546,0,0,,2540.0,"934848081.851686,1154304081.85169",2540,left_cw0,934848081.8516864,1154304081.8516865,left_cw0,2540.0
7.658170072422294,7.4583069649616505,4.7015950326480995,2.7567119323135505,0,0,,1460.0,"459648081.851686,585792081.851686",1460,left_cw1,459648081.8516864,585792081.8516865,left_cw1,1460.0
7.653549043801811,7.4591616379154315,4.4064569599289785,3.052704677986453,0,0,,1420.0,"751680081.851686,874368081.851686",1420,left_cw1,751680081.8516864,874368081.8516864,left_cw1,1420.0
7.768694569582483,7.459317430636556,4.4781105952843445,2.981206835352211,0,0,,2260.0,"499392081.851686,694656081.851686",2260,left_cw1,499392081.8516864,694656081.8516865,left_cw1,2260.0
7.6612150343892935,7.46135192692865,4.471010204456739,2.9903417224719107,0,0,,1460.0,"822528081.851686,948672081.851686",1460,right_cw1,822528081.8516864,948672081.8516864,right_cw1,1460.0
7.661684390690929,7.461821283230285,4.474216656299419,2.9876046269308665,0,0,,1460.0,"734400081.851686,860544081.851686",1460,left_cw0,734400081.8516864,860544081.8516864,left_cw0,1460.0
7.534016460713911,7.465570191035608,4.7308974475249475,2.7346727435106604,0,0,,500.0,"571968081.851686,615168081.851686",500,0rev_cw0,571968081.8516864,615168081.8516864,0rev_cw0,500.0
7.5506411109028395,7.4657677365017445,4.523021674570809,2.942746061930935,0,0,,620.0,"191808081.851686,245376081.851686",620,0rev_cw1,191808081.8516864,245376081.8516864,0rev_cw1,620.0
7.551415063858213,7.466541689457118,4.433766353816168,3.0327753356409506,0,0,,620.0,"1728081.8516864,55296081.8516864",620,0rev_cw0,1728081.8516864013,55296081.8516864,0rev_cw0,620.0
7.833363555436632,7.469229400748063,4.435862024229076,3.033367376518987,0,0,,2660.0,"537408081.851686,767232081.851686",2660,left_cw0,537408081.8516864,767232081.8516864,left_cw0,2660.0
7.8188196888273644,7.471112638861587,4.737693604808786,2.7334190340528006,0,0,,2540.0,"381888081.851686,601344081.851686",2540,left_cw0,381888081.8516864,601344081.8516865,left_cw0,2540.0
7.65489899072675,7.4714629879888985,4.468121900559616,3.0033410874292823,0,0,,1340.0,"216000081.851686,331776081.851686",1340,left_cw0,216000081.8516864,331776081.85168636,left_cw0,1340.0
7.676703195483647,7.476840088023003,4.41369552465553,3.0631445633674734,0,0,,1460.0,"561600081.851686,687744081.851686",1460,left_cw1,561600081.8516864,687744081.8516864,left_cw1,1460.0
7.841479281526409,7.4773451268378395,4.649281188964754,2.8280639378730847,0,0,,2660.0,"917568081.851686,1147392081.85169",2660,left_cw1,917568081.8516864,1147392081.8516865,left_cw1,2660.0
7.8309003255247465,7.477717573984705,4.591855566830188,2.885862007154518,0,0,,2580.0,"364608081.851686,587520081.851686",2580,left_cw1,364608081.8516864,587520081.8516865,left_cw1,2580.0
7.842082312013011,7.477948157324442,4.489306102197746,2.9886420551266957,0,0,,2660.0,"900288081.851686,1130112081.85169",2660,left_cw0,900288081.8516864,1130112081.8516865,left_cw0,2660.0
7.8314736756512335,7.478290924111192,4.712439528001235,2.7658513961099573,0,0,,2580.0,"19008081.8516864,241920081.851686",2580,left_cw0,19008081.851686403,241920081.85168642,left_cw0,2580.0
7.848924071536958,7.479314215274124,4.442281093230542,3.0370331220435824,0,0,,2700.0,"1728081.8516864,235008081.851686",2700,left_cw0,1728081.8516864013,235008081.8516864,left_cw0,2700.0
7.707310805234762,7.480069189902798,4.536570647685441,2.943498542217357,0,0,,1660.0,"459648081.851686,603072081.851686",1660,left_cw1,459648081.8516864,603072081.8516865,left_cw1,1660.0
7.686416484300549,7.481077675265642,4.775875118120871,2.70520255714477,0,0,,1500.0,"114048081.851686,243648081.851686",1500,left_cw0,114048081.8516864,243648081.85168642,left_cw0,1500.0
7.830013363277791,7.482306313312014,4.775901625173083,2.7064046881389308,0,0,,2540.0,"571968081.851686,791424081.851686",2540,left_cw0,571968081.8516864,791424081.8516864,left_cw0,2540.0
7.561863969102463,7.482466296275632,4.646687473763346,2.8357788225122857,0,0,,580.0,"554688081.851686,604800081.851686",580,0rev_cw1,554688081.8516864,604800081.8516864,0rev_cw1,580.0
7.687072451316608,7.487209343855964,4.562766885698632,2.924442458157333,0,0,,1460.0,"907200081.851686,1033344081.85169",1460,left_cw0,907200081.8516864,1033344081.8516864,left_cw0,1460.0
7.835480941931279,7.487773891965502,4.470429177278282,3.01734471468722,0,0,,2540.0,"554688081.851686,774144081.851686",2540,right_cw0,554688081.8516864,774144081.8516864,right_cw0,2540.0
7.830324599709467,7.488093251317954,4.46439761919494,3.023695632123014,0,0,,2500.0,"727488081.851686,943488081.851686",2500,right_cw1,727488081.8516864,943488081.8516864,right_cw1,2500.0
7.85877303014065,7.489163173877817,4.610661152600395,2.878502021277422,0,0,,2700.0,"554688081.851686,787968081.851686",2700,left_cw1,554688081.8516864,787968081.8516864,left_cw1,2700.0
7.695153063345382,7.489814254310474,4.487691490953816,3.0021227633566583,0,0,,1500.0,"8640081.8516864,138240081.851686",1500,left_cw0,8640081.851686401,138240081.8516864,left_cw0,1500.0
7.69289067065108,7.493027563190436,4.697886759880048,2.7951408033103884,0,0,,1460.0,"632448081.851686,758592081.851686",1460,left_cw1,632448081.8516864,758592081.8516864,left_cw1,1460.0
7.863654623195329,7.494044766932495,4.5109259350703725,2.983118831862122,0,0,,2700.0,"364608081.851686,597888081.851686",2700,left_cw1,364608081.8516864,597888081.8516865,left_cw1,2700.0
7.843555661100769,7.495848611134992,4.502830266740428,2.9930183443945633,0,0,,2540.0,"917568081.851686,1137024081.85169",2540,right_cw0,917568081.8516864,1137024081.8516865,right_cw0,2540.0
7.69688282710493,7.497019719644286,4.4106629826455555,3.086356736998731,0,0,,1460.0,"388800081.851686,514944081.851686",1460,left_cw1,388800081.8516864,514944081.8516864,left_cw1,1460.0
7.84599434306583,7.498287293100053,4.507855647517488,2.9904316455825652,0,0,,2540.0,"381888081.851686,601344081.851686",2540,right_cw0,381888081.8516864,601344081.8516865,right_cw0,2540.0
7.852706776457541,7.4995240249175,4.757054576543289,2.7424694483742114,0,0,,2580.0,"744768081.851686,967680081.851686",2580,left_cw0,744768081.8516864,967680081.8516864,left_cw0,2580.0
7.689307703724301,7.500395999412186,4.503659162571442,2.996736836840744,0,0,,1380.0,"751680081.851686,870912081.851686",1380,left_cw1,751680081.8516864,870912081.8516864,left_cw1,1380.0
7.706738431350262,7.501399622315354,4.74910458883547,2.752295033479884,0,0,,1500.0,"667008081.851686,796608081.851686",1500,left_cw0,667008081.8516864,796608081.8516864,left_cw0,1500.0
7.860383919030079,7.501725465915774,4.691648278532957,2.8100771873828165,0,0,,2620.0,"19008081.8516864,245376081.851686",2620,left_cw0,19008081.851686403,245376081.85168642,left_cw0,2620.0
7.865914524941108,7.501780370252539,4.472992770984115,3.0287875992684237,0,0,,2660.0,"1728081.8516864,231552081.851686",2660,left_cw0,1728081.8516864013,231552081.8516864,left_cw0,2660.0
7.594052642675511,7.509179268274416,4.489930620707839,3.019248647566577,0,0,,620.0,"364608081.851686,418176081.851686",620,0rev_cw1,364608081.8516864,418176081.8516864,0rev_cw1,620.0
7.725347525676186,7.514533015067014,4.808297296075919,2.706235718991096,0,0,,1540.0,"304128081.851686,437184081.851686",1540,left_cw0,304128081.8516864,437184081.8516864,left_cw0,1540.0
7.737634147679563,7.5158682339218625,4.468221773177497,3.0476464607443656,0,0,,1620.0,"805248081.851686,945216081.851686",1620,left_cw0,805248081.8516864,945216081.8516864,left_cw0,1620.0
7.85420236617517,7.517446719357921,4.417136754392382,3.1003099649655397,0,0,,2460.0,"829440081.851686,1041984081.85169",2460,left_cw0,829440081.8516864,1041984081.8516864,left_cw0,2460.0
7.854229439411736,7.517473792594487,4.70992598737806,2.807547805216426,0,0,,2460.0,"190080081.851686,402624081.851686",2460,left_cw0,190080081.8516864,402624081.85168636,left_cw0,2460.0
7.872744059727243,7.5195613081872015,4.782319901835419,2.7372414063517825,0,0,,2580.0,"209088081.851686,432000081.851686",2580,left_cw0,209088081.8516864,432000081.85168636,left_cw0,2580.0
7.856865146718739,7.520109499901491,4.667633774608146,2.8524757252933446,0,0,,2460.0,"362880081.851686,575424081.851686",2460,left_cw0,362880081.8516864,575424081.8516865,left_cw0,2460.0
7.589630583449109,7.5211843137708065,4.809095276134946,2.71208903763586,0,0,,500.0,"399168081.851686,442368081.851686",500,0rev_cw0,399168081.8516864,442368081.8516864,0rev_cw0,500.0
7.608421024805848,7.523547650404753,4.589313215519631,2.9342344348851213,0,0,,620.0,"554688081.851686,608256081.851686",620,0rev_cw1,554688081.8516864,608256081.8516864,0rev_cw1,620.0
7.8658783256906,7.523646977299087,4.771682665019825,2.7519643122792625,0,0,,2500.0,"17280081.8516864,233280081.851686",2500,left_cw0,17280081.851686403,233280081.85168642,left_cw0,2500.0
7.835854733078933,7.526477594133006,4.538511085234594,2.9879665088984115,0,0,,2260.0,"326592081.851686,521856081.851686",2260,left_cw1,326592081.8516864,521856081.8516864,left_cw1,2260.0
7.721455510022094,7.527068104135714,4.463956271649178,3.063111832486536,0,0,,1420.0,"578880081.851686,701568081.851686",1420,left_cw1,578880081.8516864,701568081.8516864,left_cw1,1420.0
7.609944263983776,7.530546591156945,4.494469915184895,3.03607667597205,0,0,,580.0,"710208081.851686,760320081.851686",580,0rev_cw0,710208081.8516864,760320081.8516864,0rev_cw0,580.0
7.8410338199068015,7.531656680960874,4.514164788139629,3.017491892821245,0,0,,2260.0,"672192081.851686,867456081.851686",2260,left_cw1,672192081.8516864,867456081.8516864,left_cw1,2260.0
7.880103977363577,7.5323969273978,4.527586990636662,3.004809936761138,0,0,,2540.0,"19008081.8516864,238464081.851686",2540,right_cw0,19008081.851686403,238464081.85168642,right_cw0,2540.0
7.619299007926271,7.534425633525176,4.5787429220014255,2.955682711523751,0,0,,620.0,"727488081.851686,781056081.851686",620,0rev_cw1,727488081.8516864,781056081.8516864,0rev_cw1,620.0
7.741222354002074,7.535883544967167,4.60003791032137,2.9358456346457973,0,0,,1500.0,"181440081.851686,311040081.851686",1500,left_cw0,181440081.8516864,311040081.85168636,left_cw0,1500.0
7.7634207499339976,7.536179134602033,4.638266362539427,2.897912772062607,0,0,,1660.0,"822528081.851686,965952081.851686",1660,left_cw1,822528081.8516864,965952081.8516864,left_cw1,1660.0
7.764400270626072,7.537158655294108,4.631328979160484,2.9058296761336235,0,0,,1660.0,"286848081.851686,430272081.851686",1660,left_cw1,286848081.8516864,430272081.8516864,left_cw1,1660.0
7.857718386616985,7.537389844522529,4.6096432709245585,2.9277465735979713,0,0,,2340.0,"119232081.851686,321408081.851686",2340,left_cw0,119232081.8516864,321408081.8516864,left_cw0,2340.0
7.902761997989087,7.538627843300517,4.641528331420961,2.8970995118795564,0,0,,2660.0,"191808081.851686,421632081.851686",2660,left_cw1,191808081.8516864,421632081.85168636,left_cw1,2660.0
7.7661010627114955,7.538859447379531,4.474063223597321,3.06479622378221,0,0,,1660.0,"269568081.851686,412992081.851686",1660,left_cw0,269568081.8516864,412992081.8516864,left_cw0,1660.0
7.7451728270646925,7.539834018029785,4.819214438374874,2.720619579654911,0,0,,1500.0,"304128081.851686,433728081.851686",1500,left_cw0,304128081.8516864,433728081.8516864,left_cw0,1500.0
7.740600194078853,7.5407370866182095,4.616068856944223,2.9246682296739857,0,0,,1460.0,"544320081.851686,670464081.851686",1460,left_cw0,544320081.8516864,670464081.8516864,left_cw0,1460.0
7.886605035043575,7.544373686652062,4.708919809402475,2.8354538772495865,0,0,,2500.0,"381888081.851686,597888081.851686",2500,right_cw0,381888081.8516864,597888081.8516865,right_cw0,2500.0
7.758666378893341,7.5478518682841695,4.697595980665316,2.850255887618854,0,0,,1540.0,"632448081.851686,765504081.851686",1540,left_cw1,632448081.8516864,765504081.8516864,left_cw1,1540.0
7.6174100858664335,7.548963816188131,4.827088753417278,2.7218750627708532,0,0,,500.0,"36288081.8516864,79488081.8516864",500,0rev_cw0,36288081.8516864,79488081.8516864,0rev_cw0,500.0
7.780104968627297,7.552863353295333,4.674546877383639,2.8783164759116944,0,0,,1660.0,"649728081.851686,793152081.851686",1660,left_cw1,649728081.8516864,793152081.8516864,left_cw1,1660.0
7.769770410767903,7.553480198584467,4.755263551894375,2.7982166466900917,0,0,,1580.0,"822528081.851686,959040081.851686",1580,left_cw1,822528081.8516864,959040081.8516864,left_cw1,1580.0
7.901704060752092,7.553997010786315,4.593834891464655,2.96016211932166,0,0,,2540.0,"209088081.851686,428544081.851686",2540,right_cw0,209088081.8516864,428544081.85168636,right_cw0,2540.0
7.923643577506795,7.554033721243961,4.613296625199826,2.9407370960441344,0,0,,2700.0,"727488081.851686,960768081.851686",2700,left_cw1,727488081.8516864,960768081.8516864,left_cw1,2700.0
7.90258806866647,7.5548810187006925,4.594744990289352,2.9601360284113403,0,0,,2540.0,"571968081.851686,791424081.851686",2540,right_cw0,571968081.8516864,791424081.8516864,right_cw0,2540.0
7.784139798135297,7.556898182803333,4.566675307734232,2.990222875069101,0,0,,1660.0,"632448081.851686,775872081.851686",1660,left_cw1,632448081.8516864,775872081.8516864,left_cw1,1660.0
7.7747009910462195,7.5584107788627835,4.545041478202437,3.0133693006603464,0,0,,1580.0,"805248081.851686,941760081.851686",1580,left_cw0,805248081.8516864,941760081.8516864,left_cw0,1580.0
7.780259435091866,7.5584935213341655,4.470951558728175,3.0875419626059903,0,0,,1620.0,"442368081.851686,582336081.851686",1620,left_cw0,442368081.8516864,582336081.8516865,left_cw0,1620.0
7.75863642520598,7.558773317745336,4.7335764630270765,2.8251968547182593,0,0,,1460.0,"286848081.851686,412992081.851686",1460,left_cw1,286848081.8516864,412992081.8516864,left_cw1,1460.0
7.902053406693213,7.5598220583017,4.488222329428846,3.071599728872853,0,0,,2500.0,"639360081.851686,855360081.851686",2500,left_cw0,639360081.8516864,855360081.8516864,left_cw0,2500.0
7.917526441709081,7.56434369016904,4.763466939923177,2.8008767502458634,0,0,,2580.0,"917568081.851686,1140480081.85169",2580,left_cw0,917568081.8516864,1140480081.8516865,left_cw0,2580.0
7.770221744153444,7.564882935118536,4.751748100839573,2.8131348342789635,0,0,,1500.0,"96768081.8516864,226368081.851686",1500,left_cw1,96768081.8516864,226368081.85168642,left_cw1,1500.0
7.772482477683438,7.56714366864853,4.457188656281028,3.1099550123675015,0,0,,1500.0,"198720081.851686,328320081.851686",1500,left_cw1,198720081.8516864,328320081.85168636,left_cw1,1500.0
7.652484771295408,7.567611396894313,4.675991653244137,2.8916197436501765,0,0,,620.0,"917568081.851686,971136081.851686",620,0rev_cw1,917568081.8516864,971136081.8516864,0rev_cw1,620.0
7.922336007092014,7.5691532555519725,4.8262409407478515,2.742912314804121,0,0,,2580.0,"571968081.851686,794880081.851686",2580,left_cw0,571968081.8516864,794880081.8516864,left_cw0,2580.0
7.7747499907804425,7.569411181745535,4.512342920512707,3.057068261232828,0,0,,1500.0,"371520081.851686,501120081.851686",1500,left_cw0,371520081.8516864,501120081.8516864,left_cw0,1500.0
7.912067262811364,7.569835914419851,4.58202381536828,2.9878120990515717,0,0,,2500.0,"812160081.851686,1028160081.85169",2500,left_cw0,812160081.8516864,1028160081.8516864,left_cw0,2500.0
7.9175557918616555,7.569848741895878,4.469086006155462,3.1007627357404166,0,0,,2540.0,"191808081.851686,411264081.851686",2540,right_cw1,191808081.8516864,411264081.85168636,right_cw1,2540.0
7.912511835544976,7.570280487153463,4.830189791475509,2.7400906956779534,0,0,,2500.0,"554688081.851686,770688081.851686",2500,left_cw1,554688081.8516864,770688081.8516864,left_cw1,2500.0
7.886800821734897,7.571947981214706,4.604032089228226,2.9679158919864794,0,0,,2300.0,"482112081.851686,680832081.851686",2300,left_cw0,482112081.8516864,680832081.8516865,left_cw0,2300.0
7.759681281310207,7.5762452785723555,4.487239996772742,3.089005281799613,0,0,,1340.0,"924480081.851686,1040256081.85169",1340,left_cw1,924480081.8516864,1040256081.8516864,left_cw1,1340.0
7.950197589150085,7.580587732887252,4.739904040979206,2.840683691908046,0,0,,2700.0,"744768081.851686,978048081.851686",2700,left_cw1,744768081.8516864,978048081.8516864,left_cw1,2700.0
7.798353107141948,7.582062894958512,4.807552450779279,2.774510444179233,0,0,,1580.0,"114048081.851686,250560081.851686",1580,left_cw0,114048081.8516864,250560081.85168642,left_cw0,1580.0
7.925280870342364,7.583049521950851,4.778547064479506,2.804502457471346,0,0,,2500.0,"190080081.851686,406080081.851686",2500,left_cw0,190080081.8516864,406080081.85168636,left_cw0,2500.0
7.662474881114838,7.583077208288008,4.726316177797134,2.8567610304908735,0,0,,580.0,"191808081.851686,241920081.851686",580,0rev_cw1,191808081.8516864,241920081.8516864,0rev_cw1,580.0
7.782942521101306,7.583079413640663,4.500805311565457,3.0822741020752056,0,0,,1460.0,"924480081.851686,1050624081.85169",1460,left_cw1,924480081.8516864,1050624081.8516864,left_cw1,1460.0
7.959722704169632,7.584637146332534,4.666997660950619,2.917639485381915,0,0,,2740.0,"19008081.8516864,255744081.851686",2740,left_cw1,19008081.851686403,255744081.85168642,left_cw1,2740.0
7.659289116622929,7.585367145370363,4.732042060700071,2.8533250846702924,0,0,,540.0,"1728081.8516864,48384081.8516864",540,0rev_cw1,1728081.8516864013,48384081.8516864,0rev_cw1,540.0
7.671565511031337,7.5866921366302424,4.524020324891057,3.062671811739185,0,0,,620.0,"537408081.851686,590976081.851686",620,0rev_cw0,537408081.8516864,590976081.8516864,0rev_cw0,620.0
7.958839833091336,7.589229976828502,4.708517136053652,2.8807128407748497,0,0,,2700.0,"917568081.851686,1150848081.85169",2700,left_cw1,917568081.8516864,1150848081.8516865,left_cw1,2700.0
7.669979337416645,7.5905816645898145,4.539900766618831,3.050680897970984,0,0,,580.0,"174528081.851686,224640081.851686",580,0rev_cw0,174528081.8516864,224640081.8516864,0rev_cw0,580.0
7.907192337006116,7.592339496485924,4.578376753182963,3.0139627433029617,0,0,,2300.0,"499392081.851686,698112081.851686",2300,left_cw1,499392081.8516864,698112081.8516865,left_cw1,2300.0
7.929693962593463,7.592938315776214,4.628622930802035,2.96431538497418,0,0,,2460.0,"727488081.851686,940032081.851686",2460,right_cw1,727488081.8516864,940032081.8516864,right_cw1,2460.0
7.800199528901178,7.59486071986627,4.599558919009301,2.995301800856969,0,0,,1500.0,"544320081.851686,673920081.851686",1500,left_cw0,544320081.8516864,673920081.8516864,left_cw0,1500.0
7.681458533907114,7.596585159506019,4.45558794443259,3.140997215073429,0,0,,620.0,"174528081.851686,228096081.851686",620,0rev_cw0,174528081.8516864,228096081.8516864,0rev_cw0,620.0
7.945006766552694,7.597299716586917,4.890374077143724,2.706925639443194,0,0,,2540.0,"762048081.851686,981504081.851686",2540,left_cw0,762048081.8516864,981504081.8516864,left_cw0,2540.0
7.940287728285279,7.598056379893766,4.637257390220766,2.9607989896730005,0,0,,2500.0,"81.8516864013697,216000081.851686",2500,left_cw0,81.85168640136972,216000081.8516864,left_cw0,2500.0
7.798485436732234,7.59862232927159,4.729200309316775,2.8694220199548144,0,0,,1460.0,"805248081.851686,931392081.851686",1460,left_cw1,805248081.8516864,931392081.8516864,left_cw1,1460.0
7.9089200033377365,7.599542864391809,4.592623692582147,3.006919171809663,0,0,,2260.0,"862272081.851686,1057536081.85169",2260,left_cw1,862272081.8516864,1057536081.8516864,left_cw1,2260.0
7.8011642507534695,7.601301143292826,4.435391211836676,3.1659099314561496,0,0,,1460.0,"216000081.851686,342144081.851686",1460,left_cw1,216000081.8516864,342144081.85168636,left_cw1,1460.0
7.944067919957981,7.601836571566468,4.50698068709003,3.0948558844764387,0,0,,2500.0,"364608081.851686,580608081.851686",2500,right_cw1,364608081.8516864,580608081.8516865,right_cw1,2500.0
7.949850359036093,7.602143309070316,4.883140541942406,2.7190027671279102,0,0,,2540.0,"209088081.851686,428544081.851686",2540,left_cw0,209088081.8516864,428544081.85168636,left_cw0,2540.0
7.9449178291945985,7.602686480803086,4.582601608893055,3.020084871910031,0,0,,2500.0,"191808081.851686,407808081.851686",2500,right_cw1,191808081.8516864,407808081.85168636,right_cw1,2500.0
7.815188362387854,7.604373851778682,4.873778678901279,2.7305951728774027,0,0,,1540.0,"839808081.851686,972864081.851686",1540,left_cw0,839808081.8516864,972864081.8516864,left_cw0,1540.0
7.919434353067273,7.604581512547082,4.627242340066255,2.9773391724808262,0,0,,2300.0,"119232081.851686,317952081.851686",2300,left_cw0,119232081.8516864,317952081.8516864,left_cw0,2300.0
7.976504948062217,7.606895091799384,4.544547482846066,3.0623476089533175,0,0,,2700.0,"537408081.851686,770688081.851686",2700,left_cw0,537408081.8516864,770688081.8516864,left_cw0,2700.0
7.9778812527650445,7.608271396502211,4.463764467010538,3.144506929491673,0,0,,2700.0,"174528081.851686,407808081.851686",2700,left_cw0,174528081.8516864,407808081.85168636,left_cw0,2700.0
7.820492642316479,7.609678131707307,4.697535918939785,2.9121422127675216,0,0,,1540.0,"269568081.851686,402624081.851686",1540,left_cw1,269568081.8516864,402624081.8516864,left_cw1,1540.0
7.805104578599862,7.610717172713483,4.541318917168239,3.069398255545244,0,0,,1420.0,"216000081.851686,338688081.851686",1420,left_cw1,216000081.8516864,338688081.85168636,left_cw1,1420.0
7.8051437392055965,7.610756333319217,4.5045080703845,3.1062482629347166,0,0,,1420.0,"941760081.851686,1064448081.85169",1420,left_cw1,941760081.8516864,1064448081.8516864,left_cw1,1420.0
7.953340646088821,7.6111092976973085,4.780820489809843,2.8302888078874657,0,0,,2500.0,"727488081.851686,943488081.851686",2500,left_cw1,727488081.8516864,943488081.8516864,left_cw1,2500.0
7.810983942802319,7.6111208353416755,4.618249503157666,2.9928713321840092,0,0,,1460.0,"286848081.851686,412992081.851686",1460,right_cw1,286848081.8516864,412992081.8516864,right_cw1,1460.0
7.926029310605574,7.611176470085383,4.6024480955962614,3.0087283744891216,0,0,,2300.0,"672192081.851686,870912081.851686",2300,left_cw1,672192081.8516864,870912081.8516864,left_cw1,2300.0
7.9600662072419865,7.6123591572762095,4.695960302735493,2.916398854540717,0,0,,2540.0,"900288081.851686,1119744081.85169",2540,left_cw1,900288081.8516864,1119744081.8516865,left_cw1,2540.0
7.955501287187937,7.613269938796424,4.433880426597263,3.1793895121991618,0,0,,2500.0,"466560081.851686,682560081.851686",2500,left_cw0,466560081.8516864,682560081.8516865,left_cw0,2500.0
7.988850089101945,7.613764531264847,4.638690041086861,2.975074490177986,0,0,,2740.0,"191808081.851686,428544081.851686",2740,left_cw1,191808081.8516864,428544081.85168636,left_cw1,2740.0
7.798053582571011,7.61461757983316,4.574454609700944,3.0401629701322164,0,0,,1340.0,"43200081.8516864,158976081.851686",1340,left_cw0,43200081.8516864,158976081.85168642,left_cw0,1340.0
7.946840398062768,7.615560452819784,4.505311850765771,3.110248602054013,0,0,,2420.0,"656640081.851686,865728081.851686",2420,left_cw0,656640081.8516864,865728081.8516864,left_cw0,2420.0
7.821643725746163,7.616304916711255,4.744980088048479,2.871324828662776,0,0,,1500.0,"269568081.851686,399168081.851686",1500,left_cw1,269568081.8516864,399168081.8516864,left_cw1,1500.0
7.965432107049294,7.617725057083517,4.64799890356292,2.9697261535205963,0,0,,2540.0,"934848081.851686,1154304081.85169",2540,right_cw0,934848081.8516864,1154304081.8516865,right_cw0,2540.0
7.9547621034095,7.618006456592251,4.4754861650653455,3.1425202915269055,0,0,,2460.0,"293760081.851686,506304081.851686",2460,left_cw0,293760081.8516864,506304081.8516864,left_cw0,2460.0
7.955292538062446,7.618536891245197,4.415520880190613,3.2030160110545842,0,0,,2460.0,"656640081.851686,869184081.851686",2460,left_cw1,656640081.8516864,869184081.8516864,left_cw1,2460.0
7.956326426829922,7.6195707800126735,4.534877497550847,3.084693282461827,0,0,,2460.0,"900288081.851686,1112832081.85169",2460,right_cw1,900288081.8516864,1112832081.8516865,right_cw1,2460.0
7.825143222112842,7.619804413077934,4.717475683266523,2.902328729811411,0,0,,1500.0,"354240081.851686,483840081.851686",1500,left_cw1,354240081.8516864,483840081.8516864,left_cw1,1500.0
7.9517864901111945,7.62050654486821,4.738765474263985,2.881741070604225,0,0,,2420.0,"898560081.851686,1107648081.85169",2420,left_cw1,898560081.8516864,1107648081.8516865,left_cw1,2420.0
7.990294446988244,7.620684590725411,4.735959292383648,2.884725298341763,0,0,,2700.0,"381888081.851686,615168081.851686",2700,left_cw1,381888081.8516864,615168081.8516865,left_cw1,2700.0
7.809957708338398,7.621046004026283,4.686377308412784,2.9346686956134986,0,0,,1380.0,"198720081.851686,317952081.851686",1380,left_cw1,198720081.8516864,317952081.85168636,left_cw1,1380.0
7.854627205677511,7.621909888771283,4.580485778031183,3.0414241107400994,0,0,,1700.0,"96768081.8516864,243648081.851686",1700,left_cw1,96768081.8516864,243648081.85168642,left_cw1,1700.0
7.829067310277473,7.6237285012425655,4.873852212338954,2.749876288903612,0,0,,1500.0,"857088081.851686,986688081.851686",1500,left_cw0,857088081.8516864,986688081.8516864,left_cw0,1500.0
7.940173252486862,7.625320411966671,4.589383310832399,3.0359371011342717,0,0,,2300.0,"326592081.851686,525312081.851686",2300,left_cw1,326592081.8516864,525312081.8516864,left_cw1,2300.0
7.811488320596175,7.628052317858324,4.529686671874542,3.0983656459837823,0,0,,1340.0,"25920081.8516864,141696081.851686",1340,left_cw1,25920081.851686403,141696081.85168642,left_cw1,1340.0
7.713321056025798,7.628447681624703,4.734922229827048,2.8935254517976543,0,0,,620.0,"744768081.851686,798336081.851686",620,0rev_cw1,744768081.8516864,798336081.8516864,0rev_cw1,620.0
7.971253942945217,7.629022594553704,4.882884361602245,2.746138232951459,0,0,,2500.0,"381888081.851686,597888081.851686",2500,left_cw0,381888081.8516864,597888081.8516865,left_cw0,2500.0
7.939851503128954,7.630474364183026,4.6171734135712965,3.0133009506117294,0,0,,2260.0,"689472081.851686,884736081.851686",2260,left_cw1,689472081.8516864,884736081.8516864,left_cw1,2260.0
7.980882204677544,7.6331751547117666,4.519145859273341,3.114029295438425,0,0,,2540.0,"727488081.851686,946944081.851686",2540,right_cw1,727488081.8516864,946944081.8516864,right_cw1,2540.0
7.845529630709986,7.6347151201008145,4.883459623587829,2.7512554965129863,0,0,,1540.0,"667008081.851686,800064081.851686",1540,left_cw0,667008081.8516864,800064081.8516864,left_cw0,1540.0
7.703285606460644,7.634839336782341,4.757810562129381,2.8770287746529597,0,0,,500.0,"174528081.851686,217728081.851686",500,0rev_cw1,174528081.8516864,217728081.8516864,0rev_cw1,500.0
7.972187588822214,7.635431942004965,4.657227265749804,2.978204676255161,0,0,,2460.0,"535680081.851686,748224081.851686",2460,left_cw1,535680081.8516864,748224081.8516865,left_cw1,2460.0
7.84079424823936,7.635455439204453,4.725898437676856,2.9095570015275976,0,0,,1500.0,"717120081.851686,846720081.851686",1500,left_cw1,717120081.8516864,846720081.8516864,left_cw1,1500.0
7.984192171687008,7.636485121721231,4.696932511391984,2.9395526103292466,0,0,,2540.0,"622080081.851686,841536081.851686",2540,left_cw1,622080081.8516864,841536081.8516864,left_cw1,2540.0
7.826785143063277,7.6378734387511615,4.595546244201562,3.0423271945495998,0,0,,1380.0,"941760081.851686,1060992081.85169",1380,left_cw1,941760081.8516864,1060992081.8516864,left_cw1,1380.0
7.981053096647193,7.63882174825568,4.532218182937045,3.106603565318635,0,0,,2500.0,"103680081.851686,319680081.851686",2500,left_cw0,103680081.8516864,319680081.8516864,left_cw0,2500.0
7.986898416710245,7.639191366744468,4.807369070675442,2.8318222960690256,0,0,,2540.0,"191808081.851686,411264081.851686",2540,left_cw1,191808081.8516864,411264081.85168636,left_cw1,2540.0
7.955095468565791,7.640242628045599,4.692700557097874,2.9475420709477254,0,0,,2300.0,"844992081.851686,1043712081.85169",2300,left_cw0,844992081.8516864,1043712081.8516864,left_cw0,2300.0
7.840519780659942,7.640656673199298,4.501216810030354,3.1394398631689437,0,0,,1460.0,"459648081.851686,585792081.851686",1460,right_cw1,459648081.8516864,585792081.8516865,right_cw1,1460.0
7.846207322409416,7.6408685133745085,4.4321870064231685,3.2086815069513404,0,0,,1500.0,"25920081.8516864,155520081.851686",1500,left_cw1,25920081.851686403,155520081.85168642,left_cw1,1500.0
7.7208835016141695,7.641485828787339,4.454477080015123,3.1870087487722154,0,0,,580.0,"813888081.851686,864000081.851686",580,0rev_cw0,813888081.8516864,864000081.8516864,0rev_cw0,580.0
7.989594989295046,7.641887939329269,4.764083961509835,2.8778039778194344,0,0,,2540.0,"364608081.851686,584064081.851686",2540,left_cw1,364608081.8516864,584064081.8516865,left_cw1,2540.0
8.006388674892353,7.642254520203783,4.5105044712779145,3.131750048925868,0,0,,2660.0,"174528081.851686,404352081.851686",2660,left_cw0,174528081.8516864,404352081.85168636,left_cw0,2660.0
8.017689554070088,7.642603996232991,4.57212896951813,3.07047502671486,0,0,,2740.0,"1728081.8516864,238464081.851686",2740,left_cw1,1728081.8516864013,238464081.8516864,left_cw1,2740.0
7.875894965253789,7.64317764834756,4.670044950567091,2.9731326977804695,0,0,,1700.0,"286848081.851686,433728081.851686",1700,left_cw1,286848081.8516864,433728081.8516864,left_cw1,1700.0
7.99244809111085,7.644741041145073,4.507086552413934,3.137654488731139,0,0,,2540.0,"276480081.851686,495936081.851686",2540,left_cw0,276480081.8516864,495936081.8516864,left_cw0,2540.0
7.846081297136405,7.6462181896757615,4.775022046223439,2.8711961434523223,0,0,,1460.0,"717120081.851686,843264081.851686",1460,left_cw1,717120081.8516864,843264081.8516864,left_cw1,1460.0
7.989444629961888,7.647213281570375,4.4093700001185026,3.2378432814518727,0,0,,2500.0,"293760081.851686,509760081.851686",2500,left_cw1,293760081.8516864,509760081.8516864,left_cw1,2500.0
7.984281001910116,7.647525355092867,4.815462229662126,2.8320631254307407,0,0,,2460.0,"725760081.851686,938304081.851686",2460,left_cw0,725760081.8516864,938304081.8516864,left_cw0,2460.0
7.99130588892862,7.649074540537107,4.440395699072896,3.208678841464211,0,0,,2500.0,"829440081.851686,1045440081.85169",2500,left_cw1,829440081.8516864,1045440081.8516864,left_cw1,2500.0
7.876774091749173,7.649532476417209,4.512821269958983,3.136711206458226,0,0,,1660.0,"442368081.851686,585792081.851686",1660,left_cw0,442368081.8516864,585792081.8516865,left_cw0,1660.0
7.844167034930734,7.649779629044355,4.723810090690504,2.9259695383538507,0,0,,1420.0,"907200081.851686,1029888081.85169",1420,left_cw0,907200081.8516864,1029888081.8516864,left_cw0,1420.0
7.998328562042076,7.650621512076299,4.602328249304131,3.0482932627721677,0,0,,2540.0,"449280081.851686,668736081.851686",2540,left_cw1,449280081.8516864,668736081.8516865,left_cw1,2540.0
8.01559354185264,7.651459387164071,4.476396607295038,3.1750627798690325,0,0,,2660.0,"710208081.851686,940032081.851686",2660,left_cw0,710208081.8516864,940032081.8516864,left_cw0,2660.0
7.858625626452727,7.653286817417819,4.9111586725884715,2.7421281448293477,0,0,,1500.0,"494208081.851686,623808081.851686",1500,left_cw0,494208081.8516864,623808081.8516865,left_cw0,1500.0
7.7219280713554594,7.653481801677157,4.9186593316612335,2.7348224700159234,0,0,,500.0,"226368081.851686,269568081.851686",500,0rev_cw0,226368081.8516864,269568081.85168636,0rev_cw0,500.0
7.73409669669885,7.654699023872019,4.5621814544991235,3.0925175693728955,0,0,,580.0,"347328081.851686,397440081.851686",580,0rev_cw0,347328081.8516864,397440081.8516864,0rev_cw0,580.0
7.74526210675533,7.654913030779971,4.589994466350328,3.064918564429643,0,0,,660.0,"191808081.851686,248832081.851686",660,0rev_cw1,191808081.8516864,248832081.8516864,0rev_cw1,660.0
7.889597339751637,7.656880022845408,4.718736825075701,2.938143197769708,0,0,,1700.0,"114048081.851686,260928081.851686",1700,left_cw1,114048081.8516864,260928081.85168642,left_cw1,1700.0
7.85272116689182,7.658333761005441,4.808183857337312,2.850149903668129,0,0,,1420.0,"632448081.851686,755136081.851686",1420,left_cw1,632448081.8516864,755136081.8516864,left_cw1,1420.0
8.001890793010189,7.659659444618676,4.750063470783584,2.9095959738350916,0,0,,2500.0,"19008081.8516864,235008081.851686",2500,right_cw1,19008081.851686403,235008081.85168642,right_cw1,2500.0
7.860090143922612,7.6602270364619685,4.4992509972679855,3.160976039193983,0,0,,1460.0,"751680081.851686,877824081.851686",1460,left_cw1,751680081.8516864,877824081.8516864,left_cw1,1460.0
8.009494825340791,7.661787775375015,4.458327302693135,3.20346047268188,0,0,,2540.0,"103680081.851686,323136081.851686",2540,left_cw0,103680081.8516864,323136081.8516864,left_cw0,2540.0
7.982248377955047,7.6619198358605916,4.6500248061742395,3.011895029686352,0,0,,2340.0,"309312081.851686,511488081.851686",2340,left_cw1,309312081.8516864,511488081.8516864,left_cw1,2340.0
7.856654450040359,7.662267044153979,4.5618973519644825,3.1003696921894965,0,0,,1420.0,"768960081.851686,891648081.851686",1420,left_cw1,768960081.8516864,891648081.8516864,left_cw1,1420.0
7.858496264922609,7.664108859036229,4.627729564494909,3.036379294541321,0,0,,1420.0,"632448081.851686,755136081.851686",1420,right_cw1,632448081.8516864,755136081.8516864,right_cw1,1420.0
7.865655816659741,7.665792709199097,4.5034042071242935,3.1623885020748044,0,0,,1460.0,"578880081.851686,705024081.851686",1460,left_cw1,578880081.8516864,705024081.8516864,left_cw1,1460.0
7.882521468131415,7.666231255947979,4.81682650674913,2.849404749198849,0,0,,1580.0,"286848081.851686,423360081.851686",1580,left_cw0,286848081.8516864,423360081.8516864,left_cw0,1580.0
8.008599425293678,7.666368076902165,4.5145886653442915,3.1517794115578734,0,0,,2500.0,"900288081.851686,1116288081.85169",2500,right_cw1,900288081.8516864,1116288081.8516865,right_cw1,2500.0
7.752309575476169,7.667436201075074,4.755106153494439,2.9123300475806353,0,0,,620.0,"381888081.851686,435456081.851686",620,0rev_cw1,381888081.8516864,435456081.8516864,0rev_cw1,620.0
8.011265685399648,7.669034337008135,4.792913371174547,2.8761209658335884,0,0,,2500.0,"362880081.851686,578880081.851686",2500,left_cw0,362880081.8516864,578880081.8516865,left_cw0,2500.0
8.03930242819546,7.669692571932627,4.788771651350315,2.880920920582312,0,0,,2700.0,"19008081.8516864,252288081.851686",2700,left_cw1,19008081.851686403,252288081.85168642,left_cw1,2700.0
7.897082041996082,7.669840426664118,4.803686867780481,2.8661535588836364,0,0,,1660.0,"839808081.851686,983232081.851686",1660,left_cw1,839808081.8516864,983232081.8516864,left_cw1,1660.0
7.881438077555926,7.670623566946754,4.947624506529149,2.7229990604176058,0,0,,1540.0,"131328081.851686,264384081.851686",1540,left_cw0,131328081.8516864,264384081.85168642,left_cw0,1540.0
8.046940913581492,7.671855355744395,4.730797392333848,2.9410579634105467,0,0,,2740.0,"381888081.851686,618624081.851686",2740,left_cw1,381888081.8516864,618624081.8516865,left_cw1,2740.0
7.7515213302571535,7.672123657430323,4.547971071950888,3.1241525854794348,0,0,,580.0,"883008081.851686,933120081.851686",580,0rev_cw1,883008081.8516864,933120081.8516864,0rev_cw1,580.0
8.020148772825364,7.672441722859587,4.675721525659246,2.996720197200341,0,0,,2540.0,"86400081.8516864,305856081.851686",2540,left_cw1,86400081.8516864,305856081.8516864,left_cw1,2540.0
8.021639524506691,7.673932474540915,4.916054777071021,2.757877697469894,0,0,,2540.0,"19008081.8516864,238464081.851686",2540,left_cw0,19008081.851686403,238464081.85168642,left_cw0,2540.0
7.860079005342056,7.676643002604205,4.625520339233096,3.0511226633711095,0,0,,1340.0,"578880081.851686,694656081.851686",1340,left_cw0,578880081.8516864,694656081.8516864,left_cw0,1340.0
7.761538144644913,7.676664770243818,4.6410336992677825,3.0356310709760357,0,0,,620.0,"900288081.851686,953856081.851686",620,0rev_cw1,900288081.8516864,953856081.8516864,0rev_cw1,620.0
8.030061960815917,7.676879209275877,4.541506036352583,3.135373172923294,0,0,,2580.0,"19008081.8516864,241920081.851686",2580,right_cw0,19008081.851686403,241920081.85168642,right_cw0,2580.0
8.033055241702574,7.679872490162532,4.951289348534129,2.728583141628404,0,0,,2580.0,"36288081.8516864,259200081.851686",2580,left_cw0,36288081.8516864,259200081.85168642,left_cw0,2580.0
8.017507133048017,7.680751486230768,4.786463439661236,2.894288046569533,0,0,,2460.0,"898560081.851686,1111104081.85169",2460,left_cw1,898560081.8516864,1111104081.8516865,left_cw1,2460.0
8.029073244319422,7.681366194353645,4.845845446393405,2.8355207479602407,0,0,,2540.0,"432000081.851686,651456081.851686",2540,left_cw1,432000081.8516864,651456081.8516865,left_cw1,2540.0
7.750232986088921,7.681786716410619,4.746465130123056,2.9353215862875626,0,0,,500.0,"813888081.851686,857088081.851686",500,0rev_cw1,813888081.8516864,857088081.8516864,0rev_cw1,500.0
7.773938094591717,7.683589018616358,4.529044604608366,3.1545444140079923,0,0,,660.0,"1728081.8516864,58752081.8516864",660,0rev_cw1,1728081.8516864013,58752081.8516864,0rev_cw1,660.0
7.877994019719257,7.683606613832877,4.578743970572854,3.1048626432600233,0,0,,1420.0,"406080081.851686,528768081.851686",1420,left_cw1,406080081.8516864,528768081.8516864,left_cw1,1420.0
7.895458082494981,7.684643571885809,4.561576118419791,3.1230674534660183,0,0,,1540.0,"8640081.8516864,141696081.851686",1540,left_cw0,8640081.851686401,141696081.8516864,left_cw0,1540.0
8.005037034674109,7.684708492579652,4.606078790606823,3.07862970197283,0,0,,2340.0,"136512081.851686,338688081.851686",2340,left_cw1,136512081.8516864,338688081.85168636,left_cw1,2340.0
7.884700539820619,7.684837432359975,4.489675510749307,3.195161921610669,0,0,,1460.0,"43200081.8516864,169344081.851686",1460,left_cw1,43200081.8516864,169344081.85168642,left_cw1,1460.0
7.755561321930688,7.687115052252385,4.915449689954357,2.7716653622980276,0,0,,500.0,"762048081.851686,805248081.851686",500,0rev_cw0,762048081.8516864,805248081.8516864,0rev_cw0,500.0
8.034938930783348,7.6872318808175715,4.9555229301152055,2.731708950702366,0,0,,2540.0,"399168081.851686,618624081.851686",2540,left_cw0,399168081.8516864,618624081.8516865,left_cw0,2540.0
8.035234155234326,7.687527105268549,4.5134482173775075,3.174078887891041,0,0,,2540.0,"364608081.851686,584064081.851686",2540,right_cw1,364608081.8516864,584064081.8516865,right_cw1,2540.0
7.7616692905582125,7.687747319305646,4.926087117967749,2.7616602013378966,0,0,,540.0,"209088081.851686,255744081.851686",540,0rev_cw0,209088081.8516864,255744081.8516864,0rev_cw0,540.0
7.893298488902237,7.687959679867329,4.850620944212851,2.8373387356544777,0,0,,1500.0,"527040081.851686,656640081.851686",1500,left_cw1,527040081.8516864,656640081.8516865,left_cw1,1500.0
8.03611511545254,7.6884080654867635,4.755342419516719,2.9330656459700446,0,0,,2540.0,"259200081.851686,478656081.851686",2540,left_cw1,259200081.8516864,478656081.85168636,left_cw1,2540.0
7.758720997610119,7.690274727931817,4.940526926624365,2.7497478013074512,0,0,,500.0,"589248081.851686,632448081.851686",500,0rev_cw0,589248081.8516864,632448081.8516864,0rev_cw0,500.0
7.781723309413587,7.691374233438228,4.6496141196334815,3.041760113804746,0,0,,660.0,"19008081.8516864,76032081.8516864",660,0rev_cw1,19008081.851686403,76032081.8516864,0rev_cw1,660.0
8.006472834505031,7.691619993984839,4.623635411631398,3.0679845823534406,0,0,,2300.0,"153792081.851686,352512081.851686",2300,left_cw1,153792081.8516864,352512081.85168636,left_cw1,2300.0
7.913646179734053,7.691880265976353,4.865718437518727,2.826161828457626,0,0,,1620.0,"649728081.851686,789696081.851686",1620,left_cw1,649728081.8516864,789696081.8516864,left_cw1,1620.0
8.04616384688837,7.692981095348329,4.930627083504153,2.7623540118441756,0,0,,2580.0,"399168081.851686,622080081.851686",2580,left_cw0,399168081.8516864,622080081.8516865,left_cw0,2580.0
8.041707048551789,7.693999998586013,4.703912333221631,2.990087665364382,0,0,,2540.0,"36288081.8516864,255744081.851686",2540,right_cw0,36288081.8516864,255744081.85168642,right_cw0,2540.0
8.009407269029559,7.694554428509367,4.6456403371897865,3.04891409131958,0,0,,2300.0,"172800081.851686,371520081.851686",2300,right_cw0,172800081.8516864,371520081.85168636,right_cw0,2300.0
8.031337039957759,7.694581393140511,4.731782900162337,2.962798492978174,0,0,,2460.0,"81.8516864013697,212544081.851686",2460,left_cw0,81.85168640136972,212544081.8516864,left_cw0,2460.0
8.06985928798508,7.694773730147982,4.777460728172426,2.9173130019755558,0,0,,2740.0,"209088081.851686,445824081.851686",2740,left_cw1,209088081.8516864,445824081.85168636,left_cw1,2740.0
8.043150868025194,7.695443818059418,4.663395708620289,3.0320481094391285,0,0,,2540.0,"399168081.851686,618624081.851686",2540,right_cw0,399168081.8516864,618624081.8516865,right_cw0,2540.0
7.9067239227738515,7.69590941216468,4.657222481012005,3.038686931152674,0,0,,1540.0,"181440081.851686,314496081.851686",1540,left_cw0,181440081.8516864,314496081.85168636,left_cw0,1540.0
8.033732792342944,7.696977145525696,4.896262601620663,2.800714543905033,0,0,,2460.0,"554688081.851686,767232081.851686",2460,right_cw1,554688081.8516864,767232081.8516864,right_cw1,2460.0
7.766096884047055,7.697650614368753,4.693658261299051,3.0039923530697017,0,0,,500.0,"641088081.851686,684288081.851686",500,0rev_cw1,641088081.8516864,684288081.8516864,0rev_cw1,500.0
7.903160950902064,7.697822141867157,4.784101825380514,2.9137203164866423,0,0,,1500.0,"805248081.851686,934848081.851686",1500,left_cw1,805248081.8516864,934848081.8516864,left_cw1,1500.0
7.909088215014881,7.698273704405709,4.954575511129295,2.7436981932764146,0,0,,1540.0,"494208081.851686,627264081.851686",1540,left_cw0,494208081.8516864,627264081.8516865,left_cw0,1540.0
7.894276073809467,7.699888667923087,4.616954185892578,3.0829344820305087,0,0,,1420.0,"596160081.851686,718848081.851686",1420,left_cw1,596160081.8516864,718848081.8516864,left_cw1,1420.0
